Type,Name,Request Count,Failure Count,Median Response Time,Average Response Time,Min Response Time,Max Response Time,Average Content Size,Requests/s,Failures/s,50%,66%,75%,80%,90%,95%,98%,99%,99.9%,99.99%,100%
POST,/transcribe/raw,1761,0,380.0,513.1331876161587,329.4566679978743,2200.327975999244,73.57353776263487,61.11361516003891,0.0,380,470,480,480,1000,1200,1300,2200,2200,2200,2200
,Aggregated,1761,0,380.0,513.1331876161587,329.4566679978743,2200.327975999244,73.57353776263487,61.11361516003891,0.0,380,470,480,480,1000,1200,1300,2200,2200,2200,2200
