Type,Name,Request Count,Failure Count,Median Response Time,Average Response Time,Min Response Time,Max Response Time,Average Content Size,Requests/s,Failures/s,50%,66%,75%,80%,90%,95%,98%,99%,99.9%,99.99%,100%
POST,/transcribe/raw,3969,0,410.0,451.1214441297744,212.31604000058724,1503.3096579973062,74.48828420256991,136.80440037148043,0.0,410,440,490,510,520,530,710,1500,1500,1500,1500
,Aggregated,3969,0,410.0,451.1214441297744,212.31604000058724,1503.3096579973062,74.48828420256991,136.80440037148043,0.0,410,440,490,510,520,530,710,1500,1500,1500,1500
