Type,Name,Request Count,Failure Count,Median Response Time,Average Response Time,Min Response Time,Max Response Time,Average Content Size,Requests/s,Failures/s,50%,66%,75%,80%,90%,95%,98%,99%,99.9%,99.99%,100%
POST,/transcribe,5120,0,690.0,688.503721666794,313.0493469998328,2057.3706259999653,74.2587890625,177.7947751153011,0.0,690,710,720,720,740,750,2000,2000,2000,2100,2100
,Aggregated,5120,0,690.0,688.503721666794,313.0493469998328,2057.3706259999653,74.2587890625,177.7947751153011,0.0,690,710,720,720,740,750,2000,2000,2000,2100,2100
