Type,Name,Request Count,Failure Count,Median Response Time,Average Response Time,Min Response Time,Max Response Time,Average Content Size,Requests/s,Failures/s,50%,66%,75%,80%,90%,95%,98%,99%,99.9%,99.99%,100%
POST,/transcribe,1504,0,540.0,605.737190039231,395.56396699981633,1911.460924000039,75.11569148936171,52.26107980919612,0.0,540,560,580,590,1200,1200,1900,1900,1900,1900,1900
,Aggregated,1504,0,540.0,605.737190039231,395.56396699981633,1911.460924000039,75.11569148936171,52.26107980919612,0.0,540,560,580,590,1200,1200,1900,1900,1900,1900,1900
