Type,Name,Request Count,Failure Count,Median Response Time,Average Response Time,Min Response Time,Max Response Time,Average Content Size,Requests/s,Failures/s,50%,66%,75%,80%,90%,95%,98%,99%,99.9%,99.99%,100%
POST,/transcribe,3392,0,490.0,533.2933091530062,229.72238400006972,1351.4107749999766,74.26002358490567,116.77015218200646,0.0,490,570,600,600,620,630,650,1200,1300,1400,1400
,Aggregated,3392,0,490.0,533.2933091530062,229.72238400006972,1351.4107749999766,74.26002358490567,116.77015218200646,0.0,490,570,600,600,620,630,650,1200,1300,1400,1400
