Type,Name,Request Count,Failure Count,Median Response Time,Average Response Time,Min Response Time,Max Response Time,Average Content Size,Requests/s,Failures/s,50%,66%,75%,80%,90%,95%,98%,99%,99.9%,99.99%,100%
POST,/transcribe/raw,787,0,520.0,581.6065896137228,359.70487700001286,1962.347937000004,75.40914866581957,27.309197580312997,0.0,520,530,540,540,1000,1300,1900,1900,2000,2000,2000
,Aggregated,787,0,520.0,581.6065896137228,359.70487700001286,1962.347937000004,75.40914866581957,27.309197580312997,0.0,520,530,540,540,1000,1300,1900,1900,2000,2000,2000
