Type,Name,Request Count,Failure Count,Median Response Time,Average Response Time,Min Response Time,Max Response Time,Average Content Size,Requests/s,Failures/s,50%,66%,75%,80%,90%,95%,98%,99%,99.9%,99.99%,100%
POST,/transcribe/raw,1696,0,440.0,539.953926724646,389.3769290000364,1834.440819999827,74.64268867924528,58.666327324516885,0.0,440,530,540,550,590,1200,1300,1800,1800,1800,1800
,Aggregated,1696,0,440.0,539.953926724646,389.3769290000364,1834.440819999827,74.64268867924528,58.666327324516885,0.0,440,530,540,550,590,1200,1300,1800,1800,1800,1800
