Type,Name,Request Count,Failure Count,Median Response Time,Average Response Time,Min Response Time,Max Response Time,Average Content Size,Requests/s,Failures/s,50%,66%,75%,80%,90%,95%,98%,99%,99.9%,99.99%,100%
POST,/transcribe/raw,8961,0,1400.0,1556.3054941417226,749.6223770001507,3044.944882999971,74.22519808057136,311.4513758166801,0.0,1400,1400,1400,1400,2900,3000,3000,3000,3000,3000,3000
,Aggregated,8961,0,1400.0,1556.3054941417226,749.6223770001507,3044.944882999971,74.22519808057136,311.4513758166801,0.0,1400,1400,1400,1400,2900,3000,3000,3000,3000,3000,3000
