Type,Name,Request Count,Failure Count,Median Response Time,Average Response Time,Min Response Time,Max Response Time,Average Content Size,Requests/s,Failures/s,50%,66%,75%,80%,90%,95%,98%,99%,99.9%,99.99%,100%
POST,/transcribe/raw,2944,0,580.0,555.4377825051001,424.24548000008144,1293.1069559999742,74.23743206521739,112.46497604155007,0.0,580,600,610,610,620,630,1300,1300,1300,1300,1300
,Aggregated,2944,0,580.0,555.4377825051001,424.24548000008144,1293.1069559999742,74.23743206521739,112.46497604155007,0.0,580,600,610,610,620,630,1300,1300,1300,1300,1300
