Type,Name,Request Count,Failure Count,Median Response Time,Average Response Time,Min Response Time,Max Response Time,Average Content Size,Requests/s,Failures/s,50%,66%,75%,80%,90%,95%,98%,99%,99.9%,99.99%,100%
POST,/transcribe/raw,7936,0,790.0,876.1879676384297,376.7373070004396,2720.7012610015227,74.44443044354838,273.6662959244091,0.0,790,820,850,880,1100,1100,2600,2700,2700,2700,2700
,Aggregated,7936,0,790.0,876.1879676384297,376.7373070004396,2720.7012610015227,74.44443044354838,273.6662959244091,0.0,790,820,850,880,1100,1100,2600,2700,2700,2700,2700
