Type,Name,Request Count,Failure Count,Median Response Time,Average Response Time,Min Response Time,Max Response Time,Average Content Size,Requests/s,Failures/s,50%,66%,75%,80%,90%,95%,98%,99%,99.9%,99.99%,100%
POST,/transcribe/raw,11011,0,1100.0,1257.8834085935068,812.1046779997414,3651.2797649993445,75.02397602397602,381.61910054464875,0.0,1100,1300,1300,1300,1400,1400,3500,3600,3600,3700,3700
,Aggregated,11011,0,1100.0,1257.8834085935068,812.1046779997414,3651.2797649993445,75.02397602397602,381.61910054464875,0.0,1100,1300,1300,1300,1400,1400,3500,3600,3600,3700,3700
