Type,Name,Request Count,Failure Count,Median Response Time,Average Response Time,Min Response Time,Max Response Time,Average Content Size,Requests/s,Failures/s,50%,66%,75%,80%,90%,95%,98%,99%,99.9%,99.99%,100%
POST,/transcribe/raw [burst],5345,0,470.0,495.01301597061894,121.8763979995856,1628.0469399998765,73.87652011225444,59.955415541454016,0.0,470,530,550,570,640,810,980,1200,1500,1600,1600
POST,/transcribe/raw [fast],6074,0,470.0,499.33495283207714,180.26140899928578,1651.0249510001813,73.85890681593678,68.13268362933428,0.0,470,530,560,570,650,830,970,1200,1500,1700,1700
POST,/transcribe/raw [realistic],5578,11,470.0,495.3958714786717,0.6665000000793952,1663.738538999496,74.40928648261026,62.56900054073536,0.12338813301328236,470,530,550,570,630,800,970,1100,1600,1700,1700
,Aggregated,16997,11,470.0,496.6831349634051,0.6665000000793952,1663.738538999496,74.04506677648997,190.65709971152364,0.12338813301328236,470,530,560,570,640,810,980,1200,1500,1700,1700
