Type,Name,Request Count,Failure Count,Median Response Time,Average Response Time,Min Response Time,Max Response Time,Average Content Size,Requests/s,Failures/s,50%,66%,75%,80%,90%,95%,98%,99%,99.9%,99.99%,100%
POST,/transcribe/raw [burst],11788,2140,540.0,522.6193553754687,0.433498000347754,2335.455169999477,60.61978282999661,132.07435668083718,23.976851314641294,540,610,670,710,830,1000,1600,2000,2300,2300,2300
POST,/transcribe/raw [fast],14177,5513,450.0,396.1235347723785,0.4528599993136595,2351.974856000197,45.49516823023207,158.8410378914344,61.76840247552217,450,560,620,660,790,970,1300,1900,2300,2300,2400
POST,/transcribe/raw [realistic],13349,10088,2,144.33074579616604,0.43983099931210745,2250.90890499996,18.004644542662373,149.56401317717132,113.02732526266419,2,20,110,410,550,650,830,1000,1900,2200,2300
,Aggregated,39314,17741,390.0,348.55653047939654,0.433498000347754,2351.974856000197,40.69580810907056,440.4794077494429,198.77257905282767,390,520,590,630,750,890,1200,1800,2300,2300,2400
