Type,Name,Request Count,Failure Count,Median Response Time,Average Response Time,Min Response Time,Max Response Time,Average Content Size,Requests/s,Failures/s,50%,66%,75%,80%,90%,95%,98%,99%,99.9%,99.99%,100%
POST,/transcribe/raw [burst],13565,4383,490.0,487.21440891536747,0.4531089998636162,3271.019556000283,50.50033173608551,150.51426276002763,48.632806021172215,490,600,660,710,940,1400,1900,2100,3100,3300,3300
POST,/transcribe/raw [fast],16138,7753,360.0,383.64893123862475,0.46550000024581095,3273.576067999784,38.896083777419754,179.0637060391689,86.02558637511936,360,520,600,650,850,1200,2000,2200,3100,3300,3300
POST,/transcribe/raw [realistic],15517,12297,4,139.2979197391231,0.45260400020197267,3205.2380720006113,15.288522265901914,172.1732263359638,136.4448130600855,4,27,73,350,530,620,830,1300,2800,3200,3200
,Aggregated,45220,24433,56,330.8685477633318,0.45260400020197267,3273.576067999784,34.27629367536488,501.7511951351603,271.10320545637705,56,480,560,610,770,1100,1800,2100,3000,3200,3300
