Type,Name,Request Count,Failure Count,Median Response Time,Average Response Time,Min Response Time,Max Response Time,Average Content Size,Requests/s,Failures/s,50%,66%,75%,80%,90%,95%,98%,99%,99.9%,99.99%,100%
POST,/transcribe/raw [burst],3733,0,1300.0,1409.5717541524268,284.6805769995626,4195.698274999813,74.53817305116529,63.18711719840621,0.0,1300,1500,1700,1800,2300,2800,3600,3800,4100,4200,4200
POST,/transcribe/raw [fast],5510,10,1400.0,1426.690583186021,0.5824310001116828,3337.581613999646,74.3524500907441,93.26574223499014,0.16926631984571713,1400,1700,1800,1900,2300,2800,3100,3200,3200,3300,3300
POST,/transcribe/raw [realistic],6142,3676,6,708.3283438292228,0.47260599967557937,5274.337788000594,29.425757082383587,103.96337364923947,62.22229917528562,6,590,1200,1400,1900,2300,5200,5200,5300,5300,5300
,Aggregated,15385,3686,1100.0,1135.752301553792,0.47260599967557937,5274.337788000594,56.46187845303867,260.4162330826358,62.39156549513134,1100,1500,1700,1800,2200,2800,3600,5200,5300,5300,5300
