Type,Name,Request Count,Failure Count,Median Response Time,Average Response Time,Min Response Time,Max Response Time,Average Content Size,Requests/s,Failures/s,50%,66%,75%,80%,90%,95%,98%,99%,99.9%,99.99%,100%
POST,/transcribe/raw,9985,0,1300.0,1397.1868322368616,671.6067880001901,2886.1041329998898,74.94021031547321,347.40014728958977,0.0,1300,1300,1300,1300,1400,2700,2800,2800,2900,2900,2900
,Aggregated,9985,0,1300.0,1397.1868322368616,671.6067880001901,2886.1041329998898,74.94021031547321,347.40014728958977,0.0,1300,1300,1300,1300,1400,2700,2800,2800,2900,2900,2900
