Type,Name,Request Count,Failure Count,Median Response Time,Average Response Time,Min Response Time,Max Response Time,Average Content Size,Requests/s,Failures/s,50%,66%,75%,80%,90%,95%,98%,99%,99.9%,99.99%,100%
POST,/transcribe/raw,5504,0,650.0,648.2915549612984,300.0473919998967,2067.4985890000244,74.6217296511628,189.71073547189806,0.0,650,670,680,680,690,700,2000,2000,2100,2100,2100
,Aggregated,5504,0,650.0,648.2915549612984,300.0473919998967,2067.4985890000244,74.6217296511628,189.71073547189806,0.0,650,670,680,680,690,700,2000,2000,2100,2100,2100
