Type,Name,Request Count,Failure Count,Median Response Time,Average Response Time,Min Response Time,Max Response Time,Average Content Size,Requests/s,Failures/s,50%,66%,75%,80%,90%,95%,98%,99%,99.9%,99.99%,100%
POST,/transcribe/raw,3713,0,460.0,483.9718281834097,195.62147299984645,623.8541709999481,74.0818744950175,127.94161489766783,0.0,460,480,490,570,580,590,600,610,620,620,620
,Aggregated,3713,0,460.0,483.9718281834097,195.62147299984645,623.8541709999481,74.0818744950175,127.94161489766783,0.0,460,480,490,570,580,590,600,610,620,620,620
