Type,Name,Request Count,Failure Count,Median Response Time,Average Response Time,Min Response Time,Max Response Time,Average Content Size,Requests/s,Failures/s,50%,66%,75%,80%,90%,95%,98%,99%,99.9%,99.99%,100%
POST,/transcribe/raw,1040,0,420.0,442.76419035288865,160.680955999851,590.377516999979,74.03365384615384,35.90967640875391,0.0,420,440,480,530,550,560,580,590,590,590,590
,Aggregated,1040,0,420.0,442.76419035288865,160.680955999851,590.377516999979,74.03365384615384,35.90967640875391,0.0,420,440,480,530,550,560,580,590,590,590,590
