Type,Name,Request Count,Failure Count,Median Response Time,Average Response Time,Min Response Time,Max Response Time,Average Content Size,Requests/s,Failures/s,50%,66%,75%,80%,90%,95%,98%,99%,99.9%,99.99%,100%
POST,/transcribe/raw,6529,0,480.0,529.6801995849271,249.69223099969895,1720.8591829999023,74.57727063868893,226.7193960417435,0.0,480,550,560,570,580,690,780,1700,1700,1700,1700
,Aggregated,6529,0,480.0,529.6801995849271,249.69223099969895,1720.8591829999023,74.57727063868893,226.7193960417435,0.0,480,550,560,570,580,690,780,1700,1700,1700,1700
