Type,Name,Request Count,Failure Count,Median Response Time,Average Response Time,Min Response Time,Max Response Time,Average Content Size,Requests/s,Failures/s,50%,66%,75%,80%,90%,95%,98%,99%,99.9%,99.99%,100%
POST,/transcribe/raw,4160,0,390.0,431.3308300262067,196.4303539998582,1427.064380000047,74.6045673076923,144.10674998503455,0.0,390,420,470,480,500,510,620,1400,1400,1400,1400
,Aggregated,4160,0,390.0,431.3308300262067,196.4303539998582,1427.064380000047,74.6045673076923,144.10674998503455,0.0,390,420,470,480,500,510,620,1400,1400,1400,1400
