Type,Name,Request Count,Failure Count,Median Response Time,Average Response Time,Min Response Time,Max Response Time,Average Content Size,Requests/s,Failures/s,50%,66%,75%,80%,90%,95%,98%,99%,99.9%,99.99%,100%
POST,/transcribe,5120,0,690.0,692.6060518771473,325.7504829998652,2180.0579269997797,75.2576171875,177.4257963936278,0.0,690,700,710,710,740,820,2100,2100,2200,2200,2200
,Aggregated,5120,0,690.0,692.6060518771473,325.7504829998652,2180.0579269997797,75.2576171875,177.4257963936278,0.0,690,700,710,710,740,820,2100,2100,2200,2200,2200
