Type,Name,Request Count,Failure Count,Median Response Time,Average Response Time,Min Response Time,Max Response Time,Average Content Size,Requests/s,Failures/s,50%,66%,75%,80%,90%,95%,98%,99%,99.9%,99.99%,100%
POST,/transcribe,992,0,410.0,463.3936044919352,263.5462779999216,1932.2894940000879,73.62197580645162,34.30327639669031,0.0,410,420,510,520,550,580,630,1900,1900,1900,1900
,Aggregated,992,0,410.0,463.3936044919352,263.5462779999216,1932.2894940000879,73.62197580645162,34.30327639669031,0.0,410,420,510,520,550,580,630,1900,1900,1900,1900
