Type,Name,Request Count,Failure Count,Median Response Time,Average Response Time,Min Response Time,Max Response Time,Average Content Size,Requests/s,Failures/s,50%,66%,75%,80%,90%,95%,98%,99%,99.9%,99.99%,100%
POST,/transcribe,2017,0,430.0,452.4025035255335,184.7358750001149,600.389038000003,74.87506197322756,69.52759993629036,0.0,430,440,460,530,560,570,580,590,600,600,600
,Aggregated,2017,0,430.0,452.4025035255335,184.7358750001149,600.389038000003,74.87506197322756,69.52759993629036,0.0,430,440,460,530,560,570,580,590,600,600,600
