Type,Name,Request Count,Failure Count,Median Response Time,Average Response Time,Min Response Time,Max Response Time,Average Content Size,Requests/s,Failures/s,50%,66%,75%,80%,90%,95%,98%,99%,99.9%,99.99%,100%
POST,/transcribe,8448,0,1400.0,1636.063746973013,1316.5189050000663,3077.1065379999527,75.03172348484848,296.61375857000235,0.0,1400,1500,1500,1500,2900,3000,3000,3000,3000,3100,3100
,Aggregated,8448,0,1400.0,1636.063746973013,1316.5189050000663,3077.1065379999527,75.03172348484848,296.61375857000235,0.0,1400,1500,1500,1500,2900,3000,3000,3000,3000,3100,3100
