Type,Name,Request Count,Failure Count,Median Response Time,Average Response Time,Min Response Time,Max Response Time,Average Content Size,Requests/s,Failures/s,50%,66%,75%,80%,90%,95%,98%,99%,99.9%,99.99%,100%
POST,/transcribe,3072,0,600.0,592.7376156643903,434.57806300011725,916.2593000000925,74.10188802083333,105.83660756862113,0.0,600,610,620,620,630,640,700,890,910,920,920
,Aggregated,3072,0,600.0,592.7376156643903,434.57806300011725,916.2593000000925,74.10188802083333,105.83660756862113,0.0,600,610,620,620,630,640,700,890,910,920,920
